{"cameraMode":{"drawMode":0,"name":"Shaded","section":"Shading Mode"},"sceneLighting":false,"audioPlay":false,"sceneViewState":{"showFog":true,"showMaterialUpdate":false,"showSkybox":true,"showFlares":true,"showImageEffects":true,"showParticleSystems":true},"in2DMode":false,"pivot":{"x":1.9999998807907105,"y":0.5000000596046448,"z":2.5},"rotation":{"x":-0.4273639917373657,"y":0.5604537129402161,"z":-0.41772186756134035,"w":-0.5733987092971802},"size":4.076528549194336,"orthographic":true}