{"cameraMode":{"drawMode":0,"name":"Shaded","section":"Shading Mode"},"sceneLighting":false,"audioPlay":false,"sceneViewState":{"showFog":true,"showMaterialUpdate":false,"showSkybox":false,"showFlares":true,"showImageEffects":true,"showParticleSystems":true},"in2DMode":false,"pivot":{"x":-0.00261041522026062,"y":0.4878101348876953,"z":0.002062954008579254},"rotation":{"x":-0.4128774106502533,"y":0.5281848311424255,"z":-0.327504426240921,"w":-0.6658034920692444},"size":0.6613434553146362,"orthographic":false}