{"cameraMode":{"drawMode":0,"name":"Shaded","section":"Shading Mode"},"sceneLighting":false,"audioPlay":false,"sceneViewState":{"showFog":true,"showMaterialUpdate":false,"showSkybox":false,"showFlares":true,"showImageEffects":true,"showParticleSystems":true},"in2DMode":false,"pivot":{"x":-8.350834846496582,"y":-3.275336742401123,"z":7.340289115905762},"rotation":{"x":0.0035074001643806698,"y":-0.9958173036575317,"z":-0.0805305540561676,"w":-0.04479140788316727},"size":0.27498388290405276,"orthographic":false}