{"cameraMode":{"drawMode":0,"name":"Shaded","section":"Shading Mode"},"sceneLighting":true,"audioPlay":false,"sceneViewState":{"showFog":true,"showMaterialUpdate":false,"showSkybox":true,"showFlares":true,"showImageEffects":true,"showParticleSystems":true},"in2DMode":false,"pivot":{"x":-0.8138805031776428,"y":1.3295297622680665,"z":-4.353730201721191},"rotation":{"x":-0.14467370510101319,"y":-0.09129223972558975,"z":0.0134064806625247,"w":-0.9851678609848023},"size":20.716602325439454,"orthographic":false}