{"cameraMode":{"drawMode":0,"name":"Shaded","section":"Shading Mode"},"sceneLighting":false,"audioPlay":false,"sceneViewState":{"showFog":true,"showMaterialUpdate":false,"showSkybox":false,"showFlares":true,"showImageEffects":true,"showParticleSystems":true},"in2DMode":false,"pivot":{"x":0.0,"y":0.7364715337753296,"z":-1.7881393432617188e-7},"rotation":{"x":0.020271629095077516,"y":0.9718101620674133,"z":-0.21661058068275453,"w":0.09093563258647919},"size":1.1685993671417237,"orthographic":false}