{"cameraMode":{"drawMode":0,"name":"Shaded","section":"Shading Mode"},"sceneLighting":false,"audioPlay":false,"sceneViewState":{"showFog":true,"showMaterialUpdate":false,"showSkybox":false,"showFlares":true,"showImageEffects":true,"showParticleSystems":true},"in2DMode":false,"pivot":{"x":0.0,"y":0.5826247334480286,"z":-1.4901161193847657e-7},"rotation":{"x":0.012766314670443535,"y":0.7168888449668884,"z":-0.013123134151101113,"w":0.696958065032959},"size":1.2295911312103272,"orthographic":false}