{"cameraMode":{"drawMode":0,"name":"Shaded","section":"Shading Mode"},"sceneLighting":false,"audioPlay":false,"sceneViewState":{"showFog":true,"showMaterialUpdate":false,"showSkybox":false,"showFlares":true,"showImageEffects":true,"showParticleSystems":true},"in2DMode":false,"pivot":{"x":5.440462112426758,"y":20.328121185302736,"z":23.148488998413087},"rotation":{"x":0.11843103915452957,"y":0.6768678426742554,"z":-0.11166467517614365,"w":0.7178828716278076},"size":10.0,"orthographic":false}