{"cameraMode":{"drawMode":0,"name":"Shaded","section":"Shading Mode"},"sceneLighting":false,"audioPlay":false,"sceneViewState":{"showFog":true,"showMaterialUpdate":false,"showSkybox":false,"showFlares":true,"showImageEffects":true,"showParticleSystems":true},"in2DMode":false,"pivot":{"x":3.360628128051758,"y":0.06289789080619812,"z":1.83782958984375},"rotation":{"x":0.6818664073944092,"y":-0.00000472952797281323,"z":0.0000037318823160603644,"w":0.7314785718917847},"size":1.319154977798462,"orthographic":false}